ticker,source,value,change_pct,score_100
IREN,reddit_rss,22.0,100.0,9
AFRM,reddit_rss,10.0,400.0,34
CIFR,reddit_rss,10.0,400.0,34
CELH,reddit_rss,2.0,-33.3,3
OKTA,reddit_rss,6.0,125.0,11
OPEN,reddit_rss,23.0,100.0,9
SNOW,reddit_rss,23.0,100.0,9
GOOGL,reddit_rss,22.0,100.0,9
QCOM,reddit_rss,1.0,-71.4,7
MDB,reddit_rss,15.0,1185.7,100
GE,reddit_rss,22.0,100.0,9
MRK,reddit_rss,6.0,125.0,11
XOM,reddit_rss,13.0,766.7,65
TSM,reddit_rss,22.0,100.0,9
CVX,reddit_rss,7.0,180.0,16
CRM,reddit_rss,22.0,100.0,9
ZS,reddit_rss,22.0,100.0,9
HUBS,reddit_rss,22.0,100.0,9
PFE,reddit_rss,11.0,500.0,42
CRWD,reddit_rss,5.0,76.5,7
SEDG,reddit_rss,8.0,242.9,21
NVDA,reddit_rss,22.0,100.0,9
SNY,reddit_rss,22.0,100.0,9
LCID,reddit_rss,6.0,63.6,6
NFLX,reddit_rss,6.0,125.0,11
LMT,reddit_rss,22.0,100.0,9
MSFT,reddit_rss,22.0,100.0,9
BILL,reddit_rss,23.0,100.0,9
TXN,reddit_rss,22.0,100.0,9
RIVN,reddit_rss,1.0,-71.4,7
NOC,reddit_rss,22.0,100.0,9
NOW,reddit_rss,28.0,100.0,9
RTX,reddit_rss,22.0,100.0,9
WBD,reddit_rss,7.0,180.0,16
MELI,reddit_rss,14.0,950.0,80
ORCL,reddit_rss,6.0,125.0,11
BA,reddit_rss,22.0,100.0,9
FCX,reddit_rss,22.0,100.0,9
AZN,reddit_rss,11.0,500.0,42
ABNB,reddit_rss,6.0,227.3,20
ADI,reddit_rss,22.0,100.0,9
UBER,reddit_rss,23.0,100.0,9
AVGO,reddit_rss,9.0,315.4,27
AAPL,reddit_rss,22.0,100.0,9
DE,reddit_rss,24.0,100.0,9
KLAC,reddit_rss,3.0,-5.3,1
NUE,reddit_rss,22.0,100.0,9
BKNG,reddit_rss,1.0,-71.4,7
ASML,reddit_rss,13.0,766.7,65
UPST,reddit_rss,3.0,-5.3,1
IREN,stocktwits,0.0,0.0,50
AFRM,stocktwits,0.0,0.0,50
CIFR,stocktwits,0.0,0.0,50
CELH,stocktwits,0.0,0.0,50
OKTA,stocktwits,0.0,0.0,50
OPEN,stocktwits,0.0,0.0,50
SNOW,stocktwits,0.0,0.0,50
GOOGL,stocktwits,0.0,0.0,50
QCOM,stocktwits,0.0,0.0,50
MDB,stocktwits,0.0,0.0,50
GE,stocktwits,0.0,0.0,50
MRK,stocktwits,0.0,0.0,50
XOM,stocktwits,0.0,0.0,50
TSM,stocktwits,0.0,0.0,50
CVX,stocktwits,0.0,0.0,50
CRM,stocktwits,0.0,0.0,50
ZS,stocktwits,0.0,0.0,50
HUBS,stocktwits,0.0,0.0,50
PFE,stocktwits,0.0,0.0,50
CRWD,stocktwits,0.0,0.0,50
SEDG,stocktwits,0.0,0.0,50
NVDA,stocktwits,0.0,0.0,50
SNY,stocktwits,0.0,0.0,50
LCID,stocktwits,0.0,0.0,50
NFLX,stocktwits,0.0,0.0,50
LMT,stocktwits,0.0,0.0,50
MSFT,stocktwits,0.0,0.0,50
BILL,stocktwits,0.0,0.0,50
TXN,stocktwits,0.0,0.0,50
RIVN,stocktwits,0.0,0.0,50
NOC,stocktwits,0.0,0.0,50
NOW,stocktwits,0.0,0.0,50
RTX,stocktwits,0.0,0.0,50
WBD,stocktwits,0.0,0.0,50
MELI,stocktwits,0.0,0.0,50
ORCL,stocktwits,0.0,0.0,50
BA,stocktwits,0.0,0.0,50
FCX,stocktwits,0.0,0.0,50
AZN,stocktwits,0.0,0.0,50
ABNB,stocktwits,0.0,0.0,50
ADI,stocktwits,0.0,0.0,50
UBER,stocktwits,0.0,0.0,50
AVGO,stocktwits,0.0,0.0,50
AAPL,stocktwits,0.0,0.0,50
DE,stocktwits,0.0,0.0,50
KLAC,stocktwits,0.0,0.0,50
NUE,stocktwits,0.0,0.0,50
BKNG,stocktwits,0.0,0.0,50
ASML,stocktwits,0.0,0.0,50
UPST,stocktwits,0.0,0.0,50
IREN,gdelt,8.0,8.0,4
AFRM,gdelt,2.0,2.0,2
CIFR,gdelt,3.0,3.0,2
CELH,gdelt,1.0,1.0,1
OKTA,gdelt,2.0,2.0,2
OPEN,gdelt,250.0,250.0,100
SNOW,gdelt,250.0,250.0,100
GOOGL,gdelt,14.0,14.0,7
QCOM,gdelt,1.0,1.0,1
MDB,gdelt,42.0,42.0,18
GE,gdelt,0.0,0.0,1
MRK,gdelt,46.0,46.0,19
XOM,gdelt,7.0,7.0,4
TSM,gdelt,30.0,30.0,13
CVX,gdelt,3.0,3.0,2
CRM,gdelt,6.0,6.0,3
ZS,gdelt,0.0,0.0,1
HUBS,gdelt,236.0,236.0,94
PFE,gdelt,5.0,5.0,3
CRWD,gdelt,1.0,1.0,1
SEDG,gdelt,0.0,0.0,1
NVDA,gdelt,41.0,41.0,17
SNY,gdelt,0.0,0.0,1
LCID,gdelt,2.0,2.0,2
NFLX,gdelt,4.0,4.0,3
LMT,gdelt,3.0,3.0,2
MSFT,gdelt,11.0,11.0,5
BILL,gdelt,250.0,250.0,100
TXN,gdelt,2.0,2.0,2
RIVN,gdelt,1.0,1.0,1
NOC,gdelt,19.0,19.0,9
NOW,gdelt,250.0,250.0,100
RTX,gdelt,33.0,33.0,14
WBD,gdelt,0.0,0.0,1
MELI,gdelt,5.0,5.0,3
ORCL,gdelt,4.0,4.0,3
BA,gdelt,0.0,0.0,1
FCX,gdelt,2.0,2.0,2
AZN,gdelt,23.0,23.0,10
ABNB,gdelt,1.0,1.0,1
ADI,gdelt,38.0,38.0,16
UBER,gdelt,91.0,91.0,37
AVGO,gdelt,12.0,12.0,6
AAPL,gdelt,16.0,16.0,7
DE,gdelt,0.0,0.0,1
KLAC,gdelt,0.0,0.0,1
NUE,gdelt,0.0,0.0,1
BKNG,gdelt,2.0,2.0,2
ASML,gdelt,6.0,6.0,3
UPST,gdelt,0.0,0.0,1
IREN,wiki,0.0,0.0,50
AFRM,wiki,0.0,0.0,50
CIFR,wiki,0.0,0.0,50
CELH,wiki,0.0,0.0,50
OKTA,wiki,0.0,0.0,50
OPEN,wiki,0.0,0.0,50
SNOW,wiki,0.0,0.0,50
GOOGL,wiki,0.0,0.0,50
QCOM,wiki,0.0,0.0,50
MDB,wiki,0.0,0.0,50
GE,wiki,0.0,0.0,50
MRK,wiki,0.0,0.0,50
XOM,wiki,0.0,0.0,50
TSM,wiki,0.0,0.0,50
CVX,wiki,0.0,0.0,50
CRM,wiki,0.0,0.0,50
ZS,wiki,0.0,0.0,50
HUBS,wiki,0.0,0.0,50
PFE,wiki,0.0,0.0,50
CRWD,wiki,0.0,0.0,50
SEDG,wiki,0.0,0.0,50
NVDA,wiki,0.0,0.0,50
SNY,wiki,0.0,0.0,50
LCID,wiki,0.0,0.0,50
NFLX,wiki,0.0,0.0,50
LMT,wiki,0.0,0.0,50
MSFT,wiki,0.0,0.0,50
BILL,wiki,0.0,0.0,50
TXN,wiki,0.0,0.0,50
RIVN,wiki,0.0,0.0,50
